{
    "additional_hint_ids": [
        "lens_hint_aim_camera_at_the_sky",
        "lens_hint_blink",
        "lens_hint_blow_a_kiss",
        "lens_hint_blow_a_kiss_voice_changer",
        "lens_hint_come_closer",
        "lens_hint_do_not_smile",
        "lens_hint_do_not_try_with_a_friend",
        "lens_hint_draw_with_your_finger",
        "lens_hint_face_swap",
        "lens_hint_find_face",
        "lens_hint_find_image",
        "lens_hint_find_marker",
        "lens_hint_find_snapcode",
        "lens_hint_keep_raising_your_eyebrows",
        "lens_hint_kiss",
        "lens_hint_kiss_again",
        "lens_hint_look_around",
        "lens_hint_look_down",
        "lens_hint_look_left",
        "lens_hint_look_right",
        "lens_hint_look_up",
        "lens_hint_make_some_noise",
        "lens_hint_move_your_head",
        "lens_hint_nod_your_head",
        "lens_hint_now_kiss",
        "lens_hint_now_open_your_mouth",
        "lens_hint_now_raise_your_eyebrows",
        "lens_hint_now_smile",
        "lens_hint_open_your_mouth",
        "lens_hint_open_your_mouth_again",
        "lens_hint_open_your_mouth_voice_changer",
        "lens_hint_pick_a_face",
        "lens_hint_pick_a_photo",
        "lens_hint_pick_an_image",
        "lens_hint_press_and_hold_for_song_info",
        "lens_hint_raise_your_eyebrows",
        "lens_hint_raise_your_eyebrows_again",
        "lens_hint_raise_eyebrows_or_open_mouth",
        "lens_hint_raise_your_eyebrows_to_start_the_game",
        "lens_hint_raise_your_eyebrows_voice_changer",
        "lens_hint_rotate_your_phone",
        "lens_hint_say_something",
        "lens_hint_send_to_friends",
        "lens_hint_show_your_hand",
        "lens_hint_smile",
        "lens_hint_smile_again",
        "lens_hint_smile_voice_changer",
        "lens_hint_sound_on",
        "lens_hint_swap_camera",
        "lens_hint_swap_camera_to_get_strange",
        "lens_hint_face_swap_camera_roll",
        "lens_hint_tap_a_surface",
        "lens_hint_tap_bitmoji_to_change",
        "lens_hint_tap_ground_to_place",
        "lens_hint_tap_surface_to_place",
        "lens_hint_tap_ground",
        "lens_hint_tap",
        "lens_hint_tilt_your_head",
        "lens_hint_try_friend",
        "lens_hint_try_rear_camera",
        "lens_hint_try_with_a_dog",
        "lens_hint_try_with_a_dog_or_cat",
        "lens_hint_try_with_your_cat",
        "lens_hint_turn_around",
        "lens_hint_turn_on_sound",
        "lens_hint_voice_changer",
        "lens_hint_walk_through_the_door"
    ],
    "api_level": "public",
    "categories": [
        "LENS_CATEGORY_SELFIE",
        "LENS_CATEGORY_SKY",
        "4e456a9a-c69a-4b48-b087-2bc087c331a1"
    ],
    "contains_giphy": false,
    "context": {
        "applicability": [
            "live_camera",
            "video_chat",
            "reply_camera"
        ],
        "camera": [
            "front",
            "rear"
        ]
    },
    "core_version": 182,
    "has_3d_face_mesh": false,
    "has_retouch_with_auto": false,
    "has_retouch_without_auto": false,
    "hint_id": "lens_hint_now_kiss",
    "icon_file": "icon.png",
    "lens_descriptors": [
    ],
    "lens_name": "Lens",
    "minimum_lens_core_version": 182,
    "minimum_sc_android_version": "11.93.0.0",
    "minimum_sc_ios_version": "11.93.0.0",
    "ml_assets": [
    ],
    "studio_version": {
        "build": "0",
        "major": "4",
        "minor": "28",
        "patch": "1",
        "type": "Public"
    },
    "third_party": true,
    "updated_at_timestamp": "1667591462168",
    "use_snapcode_marker_tracking": false,
    "use_world_mesh": false
}
